country_code,country_name,country_iso2,country_iso3
4,Afghanistan,AF,AFG
8,Albania,AL,ALB
12,Algeria,DZ,DZA
16,American Samoa,AS,ASM
20,Andorra,AD,AND
24,Angola,AO,AGO
28,Antigua and Barbuda,AG,ATG
31,Azerbaijan,AZ,AZE
32,Argentina,AR,ARG
36,Australia,AU,AUS
40,Austria,AT,AUT
44,Bahamas,BS,BHS
48,Bahrain,BH,BHR
50,Bangladesh,BD,BGD
51,Armenia,AM,ARM
52,Barbados,BB,BRB
56,Belgium,BE,BEL
58,Belgium-Luxembourg (...1998),BE,BEL
60,Bermuda,BM,BMU
64,Bhutan,BT,BTN
68,Bolivia (Plurinational State of),BO,BOL
70,Bosnia Herzegovina,BA,BIH
72,Botswana,BW,BWA
76,Brazil,BR,BRA
84,Belize,BZ,BLZ
86,Br. Indian Ocean Terr.,IO,IOT
90,Solomon Isds,SB,SLB
92,Br. Virgin Isds,VG,VGB
96,Brunei Darussalam,BN,BRN
100,Bulgaria,BG,BGR
104,Myanmar,MM,MMR
108,Burundi,BI,BDI
112,Belarus,BY,BLR
116,Cambodia,KH,KHM
120,Cameroon,CM,CMR
124,Canada,CA,CAN
132,Cabo Verde,CV,CPV
136,Cayman Isds,KY,CYM
140,Central African Rep.,CF,CAF
144,Sri Lanka,LK,LKA
148,Chad,TD,TCD
152,Chile,CL,CHL
156,China,CN,CHN
162,Christmas Isds,CX,CXR
166,Cocos Isds,CC,CCK
170,Colombia,CO,COL
174,Comoros,KM,COM
175,Mayotte (Overseas France),YT,MYT
178,Congo,CG,COG
180,Dem. Rep. of the Congo,CD,COD
184,Cook Isds,CK,COK
188,Costa Rica,CR,CRI
191,Croatia,HR,HRV
192,Cuba,CU,CUB
196,Cyprus,CY,CYP
200,Czechoslovakia (...1992),CS,CSK
203,Czechia,CZ,CZE
204,Benin,BJ,BEN
208,Denmark,DK,DNK
212,Dominica,DM,DMA
214,Dominican Rep.,DO,DOM
218,Ecuador,EC,ECU
222,El Salvador,SV,SLV
226,Equatorial Guinea,GQ,GNQ
231,Ethiopia,ET,ETH
232,Eritrea,ER,ERI
233,Estonia,EE,EST
238,Falkland Isds (Malvinas),FK,FLK
242,Fiji,FJ,FJI
246,Finland,FI,FIN
251,France,FR,FRA
258,French Polynesia,PF,PYF
260,Fr. South Antarctic Terr.,TF,ATF
262,Djibouti,DJ,DJI
266,Gabon,GA,GAB
268,Georgia,GE,GEO
270,Gambia,GM,GMB
275,State of Palestine,PS,PSE
276,Germany,DE,DEU
278,Dem. Rep. of Germany (...1990),DD,DDR
280,Fed. Rep. of Germany (...1990),DE,DEU
288,Ghana,GH,GHA
292,Gibraltar,GI,GIB
296,Kiribati,KI,KIR
300,Greece,GR,GRC
304,Greenland,GL,GRL
308,Grenada,GD,GRD
316,Guam,GU,GUM
320,Guatemala,GT,GTM
324,Guinea,GN,GIN
328,Guyana,GY,GUY
332,Haiti,HT,HTI
340,Honduras,HN,HND
344,"China, Hong Kong SAR",HK,HKG
348,Hungary,HU,HUN
352,Iceland,IS,ISL
360,Indonesia,ID,IDN
364,Iran,IR,IRN
368,Iraq,IQ,IRQ
372,Ireland,IE,IRL
376,Israel,IL,ISR
380,Italy,IT,ITA
384,Côte d'Ivoire,CI,CIV
388,Jamaica,JM,JAM
392,Japan,JP,JPN
398,Kazakhstan,KZ,KAZ
400,Jordan,JO,JOR
404,Kenya,KE,KEN
408,Dem. People's Rep. of Korea,KP,PRK
410,Rep. of Korea,KR,KOR
414,Kuwait,KW,KWT
417,Kyrgyzstan,KG,KGZ
418,Lao People's Dem. Rep.,LA,LAO
422,Lebanon,LB,LBN
426,Lesotho,LS,LSO
428,Latvia,LV,LVA
430,Liberia,LR,LBR
434,Libya,LY,LBY
440,Lithuania,LT,LTU
442,Luxembourg,LU,LUX
446,"China, Macao SAR",MO,MAC
450,Madagascar,MG,MDG
454,Malawi,MW,MWI
458,Malaysia,MY,MYS
462,Maldives,MV,MDV
466,Mali,ML,MLI
470,Malta,MT,MLT
478,Mauritania,MR,MRT
480,Mauritius,MU,MUS
484,Mexico,MX,MEX
490,"Other Asia, nes",,S19
496,Mongolia,MN,MNG
498,Rep. of Moldova,MD,MDA
499,Montenegro,ME,MNE
500,Montserrat,MS,MSR
504,Morocco,MA,MAR
508,Mozambique,MZ,MOZ
512,Oman,OM,OMN
516,Namibia,,NAM
520,Nauru,NR,NRU
524,Nepal,NP,NPL
528,Netherlands,NL,NLD
530,Netherlands Antilles (...2010),AN,ANT
531,Curaçao,CW,CUW
533,Aruba,AW,ABW
534,Saint Maarten,SX,SXM
535,Bonaire,BQ,BES
540,New Caledonia,NC,NCL
548,Vanuatu,VU,VUT
554,New Zealand,NZ,NZL
558,Nicaragua,NI,NIC
562,Niger,NE,NER
566,Nigeria,NG,NGA
570,Niue,NU,NIU
574,Norfolk Isds,NF,NFK
579,Norway,NO,NOR
580,N. Mariana Isds,MP,MNP
583,FS Micronesia,FM,FSM
584,Marshall Isds,MH,MHL
585,Palau,PW,PLW
586,Pakistan,PK,PAK
591,Panama,PA,PAN
598,Papua New Guinea,PG,PNG
600,Paraguay,PY,PRY
604,Peru,PE,PER
608,Philippines,PH,PHL
612,Pitcairn,PN,PCN
616,Poland,PL,POL
620,Portugal,PT,PRT
624,Guinea-Bissau,GW,GNB
626,Timor-Leste,TL,TLS
634,Qatar,QA,QAT
642,Romania,RO,ROU
643,Russian Federation,RU,RUS
646,Rwanda,RW,RWA
652,Saint Barthélemy,BL,BLM
654,Saint Helena,SH,SHN
659,Saint Kitts and Nevis,KN,KNA
660,Anguilla,AI,AIA
662,Saint Lucia,LC,LCA
666,Saint Pierre and Miquelon,PM,SPM
670,Saint Vincent and the Grenadines,VC,VCT
674,San Marino,SM,SMR
678,Sao Tome and Principe,ST,STP
682,Saudi Arabia,SA,SAU
686,Senegal,SN,SEN
688,Serbia,RS,SRB
690,Seychelles,SC,SYC
694,Sierra Leone,SL,SLE
697,"Europe EFTA, nes",,R20
699,India,IN,IND
702,Singapore,SG,SGP
703,Slovakia,SK,SVK
704,Viet Nam,VN,VNM
705,Slovenia,SI,SVN
706,Somalia,SO,SOM
710,South Africa,ZA,ZAF
711,Southern African Customs Union (...1999),,ZA1
716,Zimbabwe,ZW,ZWE
724,Spain,ES,ESP
728,South Sudan,SS,SSD
729,Sudan,SD,SDN
736,Sudan (...2011),SD,SDN
740,Suriname,SR,SUR
748,Eswatini,SZ,SWZ
752,Sweden,SE,SWE
757,Switzerland,CH,CHE
760,Syria,SY,SYR
762,Tajikistan,TJ,TJK
764,Thailand,TH,THA
768,Togo,TG,TGO
772,Tokelau,TK,TKL
776,Tonga,TO,TON
780,Trinidad and Tobago,TT,TTO
784,United Arab Emirates,AE,ARE
788,Tunisia,TN,TUN
792,Türkiye,TR,TUR
795,Turkmenistan,TM,TKM
796,Turks and Caicos Isds,TC,TCA
798,Tuvalu,TV,TUV
800,Uganda,UG,UGA
804,Ukraine,UA,UKR
807,North Macedonia,MK,MKD
810,USSR (...1990),SU,SUN
818,Egypt,EG,EGY
826,United Kingdom,GB,GBR
834,United Rep. of Tanzania,TZ,TZA
842,USA,US,USA
849,US Misc. Pacific Isds,PU,PUS
854,Burkina Faso,BF,BFA
858,Uruguay,UY,URY
860,Uzbekistan,UZ,UZB
862,Venezuela,VE,VEN
876,Wallis and Futuna Isds,WF,WLF
882,Samoa,WS,WSM
887,Yemen,YE,YEM
891,Serbia and Montenegro (...2005),CS,SCG
894,Zambia,ZM,ZMB
